ph;Hardness;Solids;Chloramines;Sulfate;Conductivity;Organic_carbon;Trihalomethanes;Turbidity;Potability
5.98;201.98;2589.698;8.978;250.654;2000.9994;15.9874;96.9841;3.98456;
7.9;89.99;2000.698;7.987;301.987;501.987;15.986321;75.9631;14.9871;
5;199.669;1500.993;9.01596;750.9843;415.98741;18.6984;50.94713;0.69841;
